Workbook

Sheet Control de Cambios
B2: VERSIONAMIENTO
B3: Versión: | C3: 0.1
B4: Fecha de la versión: | C4: 46307
B5: Creado por: | C5: Diana Guerra_MontufarAlejandro_MorenoPaul_LeonelTipan
B6: Aprobado por:
B7: Nivel de confidencialidad: | C7: Bajo
B8: Referencia: | C8: NTE-INEN ISO/IEC 27005; MAGERIT

Sheet Tablas de referencia
B2: Tabla de valoración de Impacto en los activos de la información
B4: Valoración del impacto en términos de la perdida de la confidencialidad | C4: Criterio
B5: Alto (3) | C5: La divulgación no autorizada de la información tiene un efecto critico para la institución Ej. Divulgación de información confidencial o sensible.
B6: Medio (2) | C6: La divulgación no autorizada de la información tiene un efecto limitado para la institución Ej. Divulgación de información de uso interno
B7: Bajo (1) | C7: La divulgación de la información no tiene ningún efecto para la institución Ej. Divulgación de información pública.
B9: Valoración del impacto en términos de la perdida de la integridad | C9: Criterio
B10: Alto (3) | C10: La destrucción o modificación no autorizada de la información tiene un efecto severo para la institución
B11: Medio (2) | C11: La destrucción o modificación no autorizada de la información tiene un efecto considerable para la institución
B12: Bajo (1) | C12: La destrucción o modificación de la información tiene un efecto leve para la institución
B14: Valoración del impacto en términos de la perdida de disponibilidad | C14: Criterio
B15: Alto (3) | C15: La interrupción al acceso de la información o los sistemas tienen un efecto severo para la institución
B16: Medio (2) | C16: La interrupción al acceso de la información o los sistemas tienen un efecto considerable para la institución
B17: Bajo (1) | C17: interrupción al acceso de la información o los sistemas tienen un efecto mínimo para la institución
B19: ESTIMACIÓN DE AMENAZAS
B20: Nivel de amenazas | C20: Criterio por probabilidad | D20: Criterio por condición de ocurrencia | E20: Criterio por atractivo | F20: Ejemplo
B21: Alto (3) | C21: La ocurrencia es muy probable (probabilidad > 50%) | D21: Bajo circunstancias normales | E21: El atacante se beneficia en gran medida por el ataque, tiene la capacidad técnica para ejecutarlo y la vulnerabilidad es fácilmente explotable | F21: Código malicioso
B22: Medio (2) | C22: La ocurrencia es probable (probabilidad =50%) | D22: Por errores descuidos | E22: El atacante se beneficia de alguna manera por el ataque, tiene la capacidad técnica para ejecutarlo y la vulnerabilidad es fácilmente explotable | F22: Falla de hardware
B23: Bajo (1) | C23: La ocurrencia es menos probable (probabilidad >0 y <50%) | D23: en rara ocasión | E23: El atacante no se beneficia del ataque | F23: desastres naturales
B24: No aplica (0)
B27: ESTIMACIÓN DE LAS VULNERABILIDADES
B28: Nivel de vulnerabilidad | C28: Criterio | D28: Ejemplo
B29: Alto (3) | C29: No existe ninguna medida de seguridad implementada para prevenir la ocurrencia de la amenaza | D29: No se utilizan contraseñas para que los usuarios ingresen a los sistemas
B30: Medio (2) | C30: Existen medidas de seguridad implementadas que no reducen la probabilidad de ocurrencia de la amenaza a un nivel aceptable | D30: Existen normas para la utilización de contraseñas pero no se implementa
B31: Bajo (1) | C31: La medida de seguridad es adecuada | D31: Existen normas para la utilización de contraseñas y es aplicada
B35: Relación entre amenaza, vulnerabilidad y pérdida
C44: AMENAZA x VULNERABILIDAD = PÉRDIDA
C45: VIRUS x NO TENER INSTALADO UN SOFTWARE ANTIVIRUS = DESTRUCCIÓN DE DATOS

Sheet Instructivo
B1: INSTRUCTIVO PARA LLENAR LA MATRIZ
B2: VALORACIÓN DEL ACTIVO
B3: No | C3: CAMPO | D3: INFORMACIÓN QUE DEBE CONTENER
B4: 1 | C4: Nro. Activo | D4: Asignar el número consecutivo para cada de activo empezando desde A1
B5: 2 | C5: Proceso Macro | D5: Registrar el nombre del proceso macro definido en el alcance del SGSI al cual pertenecen los activos de información
B6: 3 | C6: Subproceso | D6: Registrar el nombre del subproceso que pertenecen los activos de información
B7: 4 | C7: Tipo de Activo | D7: Definir Activo: Un activo es un elemento importante con valor para la institución y debe protegerse; los activos incluyen toda información y soporte para el funcionamiento del proceso macro a ser evaluado; se clasificn en: Hardware, software, datos, redes, personal, localización, organización.
B8: 5 | C8: Nombre del Activo | D8: Registrar el nombre del activo de información definido en la plataforma tecnológica
B9: 6 | C9: Descripción del Activo | D9: Digitar la descripción general del activo de información.
B10: 7 | C10: Intensión del uso | D10: Colocar el propósito de uso del activo de información
B11: 8 | C11: Tipos de soporte | D11: Medios en los cuales se contiene la información
B12: 9 | C12: Ubicación | D12: Especificar el lugar donde se encuentran los activos de información
B13: 10 | C13: Valoración del Impacto | D13: Son las consecuencias o efectos que puede ocasionar la materialización del riesgo al proceso y por ende a la institución; valorando la confidencialidad, integridad y disponibilidad de la información
B14: 11 | C14: Confidencialidad | D14: Propiedad que determina que la información no esté disponible; ni sea revelada a individuos, instituciones o procesos no autorizados
B15: 12 | C15: Integridad | D15: Propiedad de salvaguardar la integridad de las aplicaciones e información preservando la información completa y exacta
B16: 13 | C16: Disponibilidad | D16: Propiedad de que la información sea accesible, utilizable y/o disponible a los usuarios autorizados cuando estos lo requieran
B17: ANÁLISIS DE RIESGO
B18: 1 | C18: Análisis de Riesgos | D18: Evaluación de las vulnerabilidades que ocasionan amenazas en los activos de información
B19: 2 | C19: Proceso Macro | D19: Registrar el nombre del proceso macro definido en la hoja "Valoración del Activo"
B20: 3 | C20: Subproceso | D20: Registrar el nombre del subproceso definido en la hoja "Valoración del Activo"
B21: 4 | C21: Nro. Activo | D21: Registrar el número de activo definido en la hoja "Valoración del Activo"
B22: 5 | C22: Amenaza | D22: Causa potencial de la ocurrencia de un incidente no deseado, que puede ocasionar daños a un sistema o una organización
B23: 6 | C23: Vulnerabilidad | D23: Debilidad de un activo o control, que puede ser explotado por una o más amenazas Ejm. Ausencia de Antivirus
B24: 7 | C24: Evaluación de Riesgos | D24: La evaluación del Riesgo permite comparar los resultados de la calificación del riesgo, con los criterios definidos para establecer el grado de exposición de la institución
B25: 8 | C25: Valoración del Impacto | D25: Registrar el valor del Impacto (VA) definido en la hoja "Valoración del Activo"
B26: 9 | C26: Probabilidad | D26: La probabilidad es la medida para estimar la ocurrencia del riesgo
B27: 10 | C27: Nivel de Amenaza | D27: Es la medida para estimar la ocurrencia del riesgo si aprovecha la amenaza definido en la hoja "Tablas de referencia"
B28: 11 | C28: Nivel de Vulnerabilidad | D28: Es la medida para estimar la ocurrencia del riesgo si aprovecha la vulnerabilidad definido en la hoja " Tabla de referencia"
B29: 12 | C29: Controles implementados existentes | D29: Describir si existe un control ya implementado, caso contrario dejar en blanco la celda
... B41: 24 | C41: Responsable de la implementación | D41: Es la persona de la dirección responsable de la implementación.

Sheet Evaluación de Riesgos
B3: Tabla de evaluación del activo | N3: Nivel de Riesgo
B4: Nivel de Amenaza | D4: Bajo (1) | G4: Medio (2) | J4: Alto (3) | N4: 1 | O4: 3 | P4: BAJO
B5: Nivel de Vulnerabilidades | D5: Bajo (1) | E5: Medio (2) | F5: Alto (3) | G5: Bajo (1) | H5: Medio (2) | I5: Alto (3) | J5: Bajo (1) | K5: Medio (2) | L5: Alto (3) | N5: 4 | O5: 8 | P5: MEDIO
B6: Valor del impacto en términos de la pérdida de (CID) en los activos | C6: Bajo (1) | D6: 1 | E6: 2 | F6: 3 | G6: 2 | H6: 4 | I6: 6 | J6: 3 | K6: 6 | L6: 9 | N6: 9 | O6: 27 | P6: ALTO
C7: Medio (2) | D7: 2 | E7: 4 | F7: 6 | G7: 4 | H7: 8 | I7: 12 | J7: 6 | K7: 12 | L7: 18
C8: Alto (3) | D8: 3 | E8: 6 | F8: 9 | G8: 6 | H8: 12 | I8: 18 | J8: 9 | K8: 18 | L8: 27
B10: Evaluación del Riesgo
B11: Proceso de comparación del riesgo estimado contra un criterio de riesgo calculado dado para determinar la importancia del riesgo. El grado del riesgo es expresado numéricamente basado en las medidas del valor de los activos de información, el impacto de la amenaza y el alcance de la vulnerabilidad .
B12: Formula para calcular el grado de riesgo
B13: Riesgo actual = Valor del activo de la información (CID) x Amenaza x Vulnerabilidad

Sheet Valoración de Activos
B3: Listado y valoración de los activos de información
B4: Criterio de valoración aplicado: alto y muy alto = 3; medio = 2.
B5: Nro. Activo | C5: PROCESO | D5: Subproceso | E5: Tipo de Activo | F5: NOMBRE DEL ACTIVO | G5: TIPO DEL ACTIVO | H5: Descripción del activo | I5: Intención del Uso | J5: Tipo de soporte | K5: Ubicación | L5: Valoración de Impacto (pérdida)
L6: C: Confidencialidad I: Integridad D: Disponibilidad | AI6: Físico
L7: C | M7: I | N7: D | O7: VA | AI7: Virtual
B8: A1 | C8: Diseño, desarrollo y operación de salas de chat seguras | D8: Autenticación y gestión de identidades | E8: Identidad y seguridad | F8: Cuentas y credenciales de administrador y usuarios | G8: Datos / credenciales | H8: Identidades, nombres de usuario, contraseñas y datos de autenticación que permiten administrar el sistema y acceder a las salas. | I8: Autenticar a administradores y usuarios y asignarles permisos mínimos. | J8: Digital | K8: Aplicación de chat y servicio de identidad | L8: 3 | M8: 3 | N8: 2 | O8: =IF(COUNTA(L8:N8)=0,"",(L8+M8+N8)/3) -> 2.6666667 | AI8: Digital
B9: A2 | C9: Diseño, desarrollo y operación de salas de chat seguras | D9: Administración y acceso a salas | E9: Información / configuración | F9: Configuración y credenciales de las salas | G9: Datos de configuración | H9: Identificadores únicos, claves de acceso, límites de participantes y modalidad de comunicación de cada sala. | I9: Crear, configurar, consultar, proteger y cerrar salas de chat. | J9: Digital | K9: Servicio de gestión de salas | L9: 3 | M9: 3 | N9: 2 | O9: =IF(COUNTA(L9:N9)=0,"",(L9+M9+N9)/3) -> 2.6666667 | AI9: Lógico
B10: A3 | C10: Diseño, desarrollo y operación de salas de chat seguras | D10: Gestión de claves y protección criptográfica | E10: Información / seguridad | F10: Claves y secretos criptográficos | G10: Datos criptográficos | H10: Material criptográfico y secretos utilizados para establecer, proteger, rotar y revocar las claves de comunicación. | I10: Proteger la confidencialidad, integridad y autenticidad de los mensajes. | J10: Digital | K10: Gestor de claves y servicios backend | L10: 3 | M10: 3 | N10: 2 | O10: =IF(COUNTA(L10:N10)=0,"",(L10+M10+N10)/3) -> 2.6666667
B11: A4 | C11: Diseño, desarrollo y operación de salas de chat seguras | D11: Comunicación y gestión de mensajes | E11: Información | F11: Mensajes y metadatos de comunicación | G11: Datos | H11: Mensajes de texto y datos asociados a las comunicaciones, como sala, participantes y tiempos de envío. | I11: Intercambiar mensajes protegidos entre los miembros autorizados de una sala. | J11: Digital / en tránsito | K11: Canal de comunicación y backend de mensajería | L11: 3 | M11: 3 | N11: 2 | O11: =IF(COUNTA(L11:N11)=0,"",(L11+M11+N11)/3) -> 2.6666667
B12: A5 | C12: Diseño, desarrollo y operación de salas de chat seguras | D12: Gestión de sesiones y control de dispositivos | E12: Tecnológico / información | F12: Sesiones activas y vínculo usuario-dispositivo | G12: Software / datos | H12: Registros y tokens de sesión que permiten asociar cada usuario con un único dispositivo conectado. | I12: Controlar sesiones activas, impedir conexiones simultáneas no autorizadas y cerrar conexiones de forma segura. | J12: Digital | K12: Servicio de autenticación y sesiones | L12: 2 | M12: 3 | N12: 3 | O12: =IF(COUNTA(L12:N12)=0,"",(L12+M12+N12)/3) -> 2.6666667
B13: A6 | C13: Diseño, desarrollo y operación de salas de chat seguras | D13: Servicios de chat y API | E13: Tecnológico | F13: Aplicación de chat, backend y API | G13: Software | H13: Componentes de software que gestionan autenticación, salas, participantes, mensajes y transferencia de contenidos. | I13: Proveer las funciones de comunicación y administrar solicitudes de usuarios y administradores. | J13: Digital | K13: Servicios de aplicación del proyecto | L13: 3 | M13: 3 | N13: 3 | O13: =IF(COUNTA(L13:N13)=0,"",(L13+M13+N13)/3) -> 3
B14: A7 | C14: Diseño, desarrollo y operación de salas de chat seguras | D14: Persistencia y recuperación de información | E14: Tecnológico / información | F14: Base de datos del sistema de chat | G14: Datos / software | H14: Almacén persistente para cuentas, configuración de salas, estado de sesiones, metadatos y registros requeridos por la aplicación. | I14: Mantener y recuperar la información necesaria para la operación del sistema. | J14: Digital | K14: Servicio de base de datos del proyecto | L14: 3 | M14: 3 | N14: 3 | O14: =IF(COUNTA(L14:N14)=0,"",(L14+M14+N14)/3) -> 3
B15: A8 | C15: Diseño, desarrollo y operación de salas de chat seguras | D15: Carga y transferencia de multimedia | E15: Información | F15: Archivos multimedia compartidos | G15: Datos multimedia | H15: Archivos de imagen, audio, video u otros contenidos cargados y transferidos en salas habilitadas para multimedia. | I15: Permitir compartir contenido multimedia de forma controlada entre participantes autorizados. | J15: Digital | K15: Almacenamiento temporal o repositorio de archivos | L15: 3 | M15: 3 | N15: 2 | O15: =IF(COUNTA(L15:N15)=0,"",(L15+M15+N15)/3) -> 2.6666667
B16: A9 | C16: Diseño, desarrollo y operación de salas de chat seguras | D16: Validación de archivos y detección de esteganografía | E16: Tecnológico | F16: Módulo de análisis y detección de esteganografía | G16: Software | H16: Componente que inspecciona archivos, identifica contenido sospechoso o alterado y aplica la política definida para el archivo. | I16: Validar archivos antes de compartirlos y generar alertas ante posibles manipulaciones. | J16: Digital | K16: Servicio aislado de análisis de archivos | L16: 2 | M16: 3 | N16: 3 | O16: =IF(COUNTA(L16:N16)=0,"",(L16+M16+N16)/3) -> 2.6666667
B17: A10 | C17: Diseño, desarrollo y operación de salas de chat seguras | D17: Auditoría y respuesta de seguridad | E17: Información | F17: Registros de auditoría y alertas de seguridad | G17: Datos / auditoría | H17: Eventos de autenticación, cambios en salas, actividad de sesiones, análisis de archivos, bloqueos y alertas. | I17: Investigar incidentes, demostrar trazabilidad y apoyar la respuesta de seguridad. | J17: Digital | K17: Servicio centralizado de registros y monitoreo | L17: 2 | M17: 3 | N17: 2 | O17: =IF(COUNTA(L17:N17)=0,"",(L17+M17+N17)/3) -> 2.3333333
B18: A11 | C18: Diseño, desarrollo y operación de salas de chat seguras | D18: Infraestructura y conectividad | E18: Tecnológico | F18: Infraestructura y red de alojamiento | G18: Hardware / redes / servicios | H18: Servidores, red, servicios de alojamiento y componentes de comunicación que mantienen disponible la aplicación. | I18: Conectar clientes con los servicios de chat y sostener su operación continua. | J18: Físico y digital | K18: Entorno de alojamiento del proyecto | L18: 2 | M18: 3 | N18: 3 | O18: =IF(COUNTA(L18:N18)=0,"",(L18+M18+N18)/3) -> 2.6666667
B19: A12 | C19: Diseño, desarrollo y operación de salas de chat seguras | D19: Desarrollo seguro e integración continua | E19: Tecnológico | F19: Código fuente, CI/CD y artefactos de compilación | G19: Software / datos | H19: Código, dependencias, configuraciones, pruebas y artefactos usados para construir y evaluar la aplicación segura. | I19: Desarrollar, probar, revisar y publicar cambios de software de forma controlada. | J19: Digital | K19: Repositorio y pipeline de desarrollo | L19: 2 | M19: 3 | N19: 2 | O19: =IF(COUNTA(L19:N19)=0,"",(L19+M19+N19)/3) -> 2.3333333
B20: A13 | C20: Diseño, desarrollo y operación de salas de chat seguras | D20: Gestión de miembros y permisos de salas | E20: Datos de autorización | F20: Registro de participantes y permisos por sala | G20: Datos / configuración | H20: Relación entre usuarios, salas y permisos concedidos, incluido el estado de autorización para ingresar y participar. | I20: Validar el acceso a cada sala y aplicar el principio de mínimo privilegio. | J20: Digital | K20: Servicio de gestión de salas | L20: 3 | M20: 3 | N20: 2 | O20: =IF(COUNT(L20:N20)=0,"",AVERAGE(L20:N20)) -> 2.6666667
B21: A14 | C21: Diseño, desarrollo y operación de salas de chat seguras | D21: Cliente y acceso desde dispositivos | E21: Software / dispositivo | F21: Aplicación cliente y dispositivo del usuario | G21: Software / hardware | H21: Interfaz usada por los usuarios para autenticarse, ingresar a salas, intercambiar mensajes y cargar archivos desde un dispositivo. | I21: Permitir el uso de la aplicación desde un único dispositivo autorizado por usuario. | J21: Digital y físico | K21: Dispositivos de usuarios y cliente de chat | L21: 2 | M21: 3 | N21: 3 | O21: =IF(COUNT(L21:N21)=0,"",AVERAGE(L21:N21)) -> 2.6666667
B22: A15 | C22: Diseño, desarrollo y operación de salas de chat seguras | D22: Conexión y terminación de sesiones | E22: Software / datos | F22: Servicio de gestión de conexiones y cierre de sesión | G22: Software / datos | H22: Componente que mantiene conexiones activas, aplica restricciones de concurrencia y finaliza sesiones de forma segura. | I22: Evitar sesiones simultáneas no autorizadas y revocar conexiones al cerrar sesión. | J22: Digital | K22: Servicio de sesiones y conexiones | L22: 2 | M22: 3 | N22: 3 | O22: =IF(COUNT(L22:N22)=0,"",AVERAGE(L22:N22)) -> 2.6666667
B23: A16 | C23: Diseño, desarrollo y operación de salas de chat seguras | D23: Transporte seguro de comunicaciones | E23: Redes / configuración | F23: Canales y configuración de transporte cifrado | G23: Redes / configuración | H23: Protocolos, certificados y parámetros que protegen los mensajes y archivos durante su tránsito entre clientes y servicios. | I23: Proteger la confidencialidad, integridad y autenticidad de las comunicaciones en tránsito. | J23: Digital | K23: Canales cliente-servidor y servicios de comunicación | L23: 3 | M23: 3 | N23: 2 | O23: =IF(COUNT(L23:N23)=0,"",AVERAGE(L23:N23)) -> 2.6666667
B24: A17 | C24: Diseño, desarrollo y operación de salas de chat seguras | D24: Carga y transferencia multimedia | E24: Software / servicios | F24: Servicio de carga y transferencia de archivos | G24: Software / servicios | H24: Funciones de recepción, transferencia y publicación de archivos multimedia dentro de salas habilitadas. | I24: Permitir el intercambio seguro de archivos conforme al tipo de contenido autorizado en cada sala. | J24: Digital | K24: Servicio de archivos y salas multimedia | L24: 3 | M24: 3 | N24: 2 | O24: =IF(COUNT(L24:N24)=0,"",AVERAGE(L24:N24)) -> 2.6666667
B25: A18 | C25: Diseño, desarrollo y operación de salas de chat seguras | D25: Validación y respuesta ante archivos | E25: Configuración / reglas | F25: Reglas de validación y política de archivos | G25: Configuración / datos | H25: Reglas que determinan la validación de archivos y la respuesta ante contenido sospechoso: bloqueo, rechazo o cuarentena. | I25: Aplicar criterios consistentes antes de permitir que los archivos se compartan. | J25: Digital | K25: Módulo de seguridad multimedia | L25: 3 | M25: 3 | N25: 2 | O25: =IF(COUNT(L25:N25)=0,"",AVERAGE(L25:N25)) -> 2.6666667
B26: A19 | C26: Diseño, desarrollo y operación de salas de chat seguras | D26: Aislamiento de contenido sospechoso | E26: Datos / almacenamiento | F26: Área de cuarentena de archivos sospechosos | G26: Datos multimedia | H26: Espacio aislado para conservar temporalmente archivos bloqueados o pendientes de análisis sin exponerlos a los participantes. | I26: Impedir que contenido sospechoso se ejecute, descargue o distribuya antes de su revisión. | J26: Digital | K26: Almacenamiento aislado del servicio multimedia | L26: 3 | M26: 3 | N26: 2 | O26: =IF(COUNT(L26:N26)=0,"",AVERAGE(L26:N26)) -> 2.6666667
B27: A20 | C27: Diseño, desarrollo y operación de salas de chat seguras | D27: Diseño y verificación de seguridad | E27: Documentación / datos | F27: Requisitos, modelos de amenazas y evidencias de pruebas | G27: Documentación / datos | H27: Requisitos funcionales y de seguridad, análisis de amenazas, diseño de arquitectura y evidencias de pruebas de seguridad del proyecto. | I27: Trazar los riesgos a requisitos, controles y pruebas durante el ciclo de desarrollo seguro. | J27: Digital | K27: Repositorio técnico y gestión del proyecto | L27: 2 | M27: 3 | N27: 2 | O27: =IF(COUNT(L27:N27)=0,"",AVERAGE(L27:N27)) -> 2.3333333

Sheet Análisis de Riesgos
A2: Análisis de Riesgos | H2: Evaluación de Riesgos | O2: Tratamiento de Riesgos | V2: Riesgo residual | W2: Implementación de Control
H3: Impacto | I3: Probabilidad | K3: controles implementados existentes | M3: Cálculo de Evaluación Riesgo | N3: Nivel de Riesgo
A4: Proceso Macro | B4: Subprocesos | C4: Nro. Activo | D4: Nombre Activo | E4: Amenaza | F4: Vulnerabilidad | G4: Riesgo | H4: CID | I4: Nivel de amenaza | J4: Nivel de vulnerabilidad | L4: Madurez del Control CMMI (Reducción 0-4) | O4: Método de tratamiento de Riesgos | P4: Tipo de control | Q4: Controles a Implementar | R4: Nivel de amenaza | S4: Nivel de vulnerabilidad | T4: Cálculo de Evaluación Riesgo con el control implementado | U4: Nivel de Riesgo con el control Implementado | W4: Actividades | X4: Fecha Inicio implementación | Y4: Fecha de verificación | Z4: Responsable | AA4: Observación
A5: Diseño, desarrollo y operación de salas de chat seguras | B5: Autenticación y gestión de identidades | C5: A1 | D5: ='Valoración de Activos'!F8 -> Cuentas y credenciales de administrador y usuarios | E5: Robo, reutilización o adivinación de credenciales que permite suplantar una cuenta privilegiada o de usuario. | F5: La autenticación puede depender de secretos reutilizables; la falta de MFA, limitación de intentos y almacenamiento resistente a ataques offline facilita la suplantación. | G5: Suplantación de usuarios o administrador, acceso a salas, exposición de mensajes y cambios no autorizados en la configuración. | H5: ='Valoración de Activos'!O8 -> 2.6666667 | I5: 3 | J5: 3 | K5: Sin controles implementados en la etapa de diseño. | L5: 0 | M5: =IF(H5*I5*J5=0," ",H5*I5*J5)-L5 -> 24 | N5: =IFERROR(VLOOKUP(M5,'Evaluación de Riesgos'!$N$4:$P$6,3,TRUE),"") -> ALTO | O5: =IFERROR(VLOOKUP(M5,#REF!,3,TRUE),"") | P5: =IF(AND(I5>=2,J5<2),"CONTROL CORRECTIVO",IF(AND(I5=2,J5=2),"CONTROL PREVENTIVO",IF(AND(I5>=2,J5=2),"CONTROL CORRECTIVO",IF(AND(I5<=2,J5>2),"CONTROL PREVENTIVO",IF(AND(I5<2,J5>=2),"CONTROL PREVENTIVO",IF(AND(I5=3,J5=3),"CONTROL PREVENTIVO",IF(AND(I5=1,J5=1),"NO APLICA CONTROL"," "))))))) -> CONTROL PREVENTIVO | Q5: Exigir MFA a administradores; almacenar contraseñas con Argon2id o bcrypt y salt único; limitar intentos; proteger recuperación y separar privilegios. | R5: 1 | S5: 1 | T5: =IF(H5*R5*S5=0," ",H5*R5*S5) -> 2.6666667 | U5: =IFERROR(VLOOKUP(T5,'Evaluación de Riesgos'!$N$4:$P$6,3,TRUE),"") -> BAJO | V5: =IF(T5=" "," ",IF(T5<=3,"ACEPTABLE","INACEPTABLE")) -> ACEPTABLE | W5: Seguridad y Desarrollo configurarán MFA, hashing y limitación de intentos. Evidencia: parámetros de autenticación y pruebas contra fuerza bruta y contraseñas almacenadas. Frecuencia: cada versión y revisión mensual. | X5: 46315 | Y5: 46346 | Z5: Responsable de Seguridad Informática y líder de Desarrollo | AA5: CMMI=0 hasta acreditar controles existentes. Riesgo residual objetivo sujeto a implementar y probar las salvaguardas. Fechas sugeridas; falta asignar nombre al responsable.
A6: Diseño, desarrollo y operación de salas de chat seguras | B6: Administración y acceso a salas | C6: A2 | D6: ='Valoración de Activos'!F9 -> Configuración y credenciales de las salas | E6: Adivinación, divulgación o uso no autorizado de la clave de una sala para ingresar, alterar su configuración o exceder el aforo. | F6: Claves de sala de baja entropía, exposición de secretos o validaciones de acceso y aforo solo en el cliente permiten ingresos o cambios indebidos. | G6: Ingreso de participantes no autorizados, acceso a contenido privado, alteración del aforo o interrupción de una sala. | H6: ='Valoración de Activos'!O9 -> 2.6666667 | I6: 2 | J6: 3 | K6: Sin controles implementados en la etapa de diseño. | L6: 0 | M6: =IF(H6*I6*J6=0," ",H6*I6*J6)-L6 -> 16 | N6: =IFERROR(VLOOKUP(M6,'Evaluación de Riesgos'!$N$4:$P$6,3,TRUE),"") -> ALTO | O6: =IFERROR(VLOOKUP(M6,#REF!,3,TRUE),"") | P6: =IF(AND(I6>=2,J6<2),"CONTROL CORRECTIVO",IF(AND(I6=2,J6=2),"CONTROL PREVENTIVO",IF(AND(I6>=2,J6=2),"CONTROL CORRECTIVO",IF(AND(I6<=2,J6>2),"CONTROL PREVENTIVO",IF(AND(I6<2,J6>=2),"CONTROL PREVENTIVO",IF(AND(I6=3,J6=3),"CONTROL PREVENTIVO",IF(AND(I6=1,J6=1),"NO APLICA CONTROL"," "))))))) -> CONTROL PREVENTIVO | Q6: Generar identificadores y claves con aleatoriedad criptográfica; guardar las claves de forma segura; validar sala, permisos y aforo en servidor; limitar intentos. | R6: 1 | S6: 1 | T6: =IF(H6*R6*S6=0," ",H6*R6*S6) -> 2.6666667 | U6: =IFERROR(VLOOKUP(T6,'Evaluación de Riesgos'!$N$4:$P$6,3,TRUE),"") -> BAJO | V6: =IF(T6=" "," ",IF(T6<=3,"ACEPTABLE","INACEPTABLE")) -> ACEPTABLE | W6: Desarrollo generará claves robustas y verificará acceso/aforo en servidor; QA probará adivinación, acceso cruzado y exceso de participantes. Evidencia: pruebas negativas y revisión del flujo. Frecuencia: cada cambio de salas. | X6: 46315 | Y6: 46346 | Z6: Líder de Desarrollo y responsable de Pruebas | AA6: CMMI=0 hasta acreditar controles existentes. Riesgo residual objetivo sujeto a implementar y probar las salvaguardas. Fechas sugeridas; falta asignar nombre al responsable.
A7: Diseño, desarrollo y operación de salas de chat seguras | B7: Gestión de claves y protección criptográfica | C7: A3 | D7: ='Valoración de Activos'!F10 -> Claves y secretos criptográficos | E7: Exposición, robo o uso de claves criptográficas débiles o comprometidas para descifrar o falsificar comunicaciones. | F7: Generación, distribución, almacenamiento, rotación o revocación insegura de claves puede permitir su exposición o reutilización. | G7: Pérdida de confidencialidad y autenticidad de mensajes, suplantación de participantes y necesidad de invalidar sesiones o claves. | H7: ='Valoración de Activos'!O10 -> 2.6666667 | I7: 2 | J7: 3 | K7: Sin controles implementados en la etapa de diseño. | L7: 0 | M7: =IF(H7*I7*J7=0," ",H7*I7*J7)-L7 -> 16 | N7: =IFERROR(VLOOKUP(M7,'Evaluación de Riesgos'!$N$4:$P$6,3,TRUE),"") -> ALTO | O7: =IFERROR(VLOOKUP(M7,#REF!,3,TRUE),"") | P7: =IF(AND(I7>=2,J7<2),"CONTROL CORRECTIVO",IF(AND(I7=2,J7=2),"CONTROL PREVENTIVO",IF(AND(I7>=2,J7=2),"CONTROL CORRECTIVO",IF(AND(I7<=2,J7>2),"CONTROL PREVENTIVO",IF(AND(I7<2,J7>=2),"CONTROL PREVENTIVO",IF(AND(I7=3,J7=3),"CONTROL PREVENTIVO",IF(AND(I7=1,J7=1),"NO APLICA CONTROL"," "))))))) -> CONTROL PREVENTIVO | Q7: Usar biblioteca criptográfica mantenida, gestor de claves, separación de ambientes, rotación y revocación; restringir quién puede operar secretos. | R7: 1 | S7: 1 | T7: =IF(H7*R7*S7=0," ",H7*R7*S7) -> 2.6666667 | U7: =IFERROR(VLOOKUP(T7,'Evaluación de Riesgos'!$N$4:$P$6,3,TRUE),"") -> BAJO | V7: =IF(T7=" "," ",IF(T7<=3,"ACEPTABLE","INACEPTABLE")) -> ACEPTABLE | W7: Seguridad definirá el ciclo de vida de claves y Desarrollo integrará el gestor de secretos. Evidencia: configuración, rotación y prueba de revocación. Frecuencia: por versión, rotación según política y revisión trimestral. | X7: 46315 | Y7: 46346 | Z7: Responsable de Seguridad Informática y administrador de plataforma | AA7: CMMI=0 hasta acreditar controles existentes. Riesgo residual objetivo sujeto a implementar y probar las salvaguardas. Fechas sugeridas; falta asignar nombre al responsable.
A8: Diseño, desarrollo y operación de salas de chat seguras | B8: Comunicación y gestión de mensajes | C8: A4 | D8: ='Valoración de Activos'!F11 -> Mensajes y metadatos de comunicación | E8: Intercepción, modificación, repetición o suplantación de mensajes durante el intercambio entre participantes. | F8: Un protocolo sin cifrado autenticado, protección anti-repetición y validación del emisor deja mensajes expuestos a lectura o manipulación. | G8: Divulgación o alteración de conversaciones, mensajes atribuidos falsamente y pérdida de confianza en el canal. | H8: ='Valoración de Activos'!O11 -> 2.6666667 | I8: 2 | J8: 3 | K8: Sin controles implementados en la etapa de diseño. | L8: 0 | M8: =IF(H8*I8*J8=0," ",H8*I8*J8)-L8 -> 16 | N8: =IFERROR(VLOOKUP(M8,'Evaluación de Riesgos'!$N$4:$P$6,3,TRUE),"") -> ALTO | O8: =IFERROR(VLOOKUP(M8,#REF!,3,TRUE),"") | P8: =IF(AND(I8>=2,J8<2),"CONTROL CORRECTIVO",IF(AND(I8=2,J8=2),"CONTROL PREVENTIVO",IF(AND(I8>=2,J8=2),"CONTROL CORRECTIVO",IF(AND(I8<=2,J8>2),"CONTROL PREVENTIVO",IF(AND(I8<2,J8>=2),"CONTROL PREVENTIVO",IF(AND(I8=3,J8=3),"CONTROL PREVENTIVO",IF(AND(I8=1,J8=1),"NO APLICA CONTROL"," "))))))) -> CONTROL PREVENTIVO | Q8: Proteger el canal con TLS y cifrado autenticado; validar emisor e integridad; usar nonces/secuencia anti-repetición y evitar registrar texto plano. | R8: 1 | S8: 1 | T8: =IF(H8*R8*S8=0," ",H8*R8*S8) -> 2.6666667 | U8: =IFERROR(VLOOKUP(T8,'Evaluación de Riesgos'!$N$4:$P$6,3,TRUE),"") -> BAJO | V8: =IF(T8=" "," ",IF(T8<=3,"ACEPTABLE","INACEPTABLE")) -> ACEPTABLE | W8: Desarrollo configurará el canal y protección anti-repetición; QA probará lectura, modificación y reenvío de mensajes. Evidencia: configuración criptográfica y resultados de pruebas. Frecuencia: cada versión y revisión de protocolo. | X8: 46315 | Y8: 46346 | Z8: Líder de Desarrollo y responsable de Seguridad | AA8: CMMI=0 hasta acreditar controles existentes. Riesgo residual objetivo sujeto a implementar y probar las salvaguardas. Fechas sugeridas; falta asignar nombre al responsable.
A9: Diseño, desarrollo y operación de salas de chat seguras | B9: Gestión de sesiones y control de dispositivos | C9: A5 | D9: =IF('Valoración de Activos'!F12="","",'Valoración de Activos'!F12) -> Sesiones activas y vínculo usuario-dispositivo | E9: Robo o reutilización de tokens, secuestro de sesión o apertura de sesiones simultáneas desde varios dispositivos. | F9: La asociación del dispositivo puede ser solo del lado del cliente; tokens sin rotación ni revocación permiten duplicar o secuestrar una sesión. | G9: Acceso a conversaciones desde otro dispositivo, elusión de la restricción de una conexión y uso persistente de una cuenta comprometida. | H9: =IF('Valoración de Activos'!F12="","",'Valoración de Activos'!O12) -> 2.6666667 | I9: 2 | J9: 3 | K9: Sin controles implementados en la etapa de diseño. | L9: 0 | M9: =IF(COUNTA(A9:C9)=0," ",IF(H9*I9*J9=0," ",H9*I9*J9)-L9) -> 16 | N9: =IFERROR(VLOOKUP(M9,'Evaluación de Riesgos'!$N$4:$P$6,3,TRUE),"") -> ALTO | O9: =IFERROR(VLOOKUP(M9,#REF!,3,TRUE),"") | P9: =IF(AND(I9>=2,J9<2),"CONTROL CORRECTIVO",IF(AND(I9=2,J9=2),"CONTROL PREVENTIVO",IF(AND(I9>=2,J9=2),"CONTROL CORRECTIVO",IF(AND(I9<=2,J9>2),"CONTROL PREVENTIVO",IF(AND(I9<2,J9>=2),"CONTROL PREVENTIVO",IF(AND(I9=3,J9=3),"CONTROL PREVENTIVO",IF(AND(I9=1,J9=1),"NO APLICA CONTROL"," "))))))) -> CONTROL PREVENTIVO | Q9: Aplicar control de una sesión por usuario en servidor; vincular token a sesión/dispositivo; rotar y revocar tokens; cerrar sesiones de forma segura. | R9: 1 | S9: 1 | T9: =IF(H9*R9*S9=0," ",H9*R9*S9) -> 2.6666667 | U9: =IFERROR(VLOOKUP(T9,'Evaluación de Riesgos'!$N$4:$P$6,3,TRUE),"") -> BAJO | V9: =IF(T9=" "," ",IF(T9<=3,"ACEPTABLE","INACEPTABLE")) -> ACEPTABLE | W9: Backend aplicará sesión única, rotación y revocación; QA verificará segundo dispositivo, expiración y cierre. Evidencia: pruebas de sesión y eventos de auditoría. Frecuencia: cada versión y prueba trimestral. | X9: 46315 | Y9: 46346 | Z9: Desarrollador backend y responsable de Pruebas | AA9: CMMI=0 hasta acreditar controles existentes. Riesgo residual objetivo sujeto a implementar y probar las salvaguardas. Fechas sugeridas; falta asignar nombre al responsable.
A10: Diseño, desarrollo y operación de salas de chat seguras | B10: Servicios de chat y API | C10: A6 | D10: =IF('Valoración de Activos'!F13="","",'Valoración de Activos'!F13) -> Aplicación de chat, backend y API | E10: Acceso no autorizado, abuso de funciones, explotación de fallos de API o saturación de los servicios de chat. | F10: Controles de autorización por recurso, validación de entradas, límites de uso y pruebas de seguridad insuficientes exponen funciones del backend. | G10: Lectura o modificación de datos, escalamiento de privilegios o indisponibilidad de salas y comunicaciones. | H10: =IF('Valoración de Activos'!F13="","",'Valoración de Activos'!O13) -> 3 | I10: 3 | J10: 3 | K10: Sin controles implementados en la etapa de diseño. | L10: 0 | M10: =IF(COUNTA(A10:C10)=0," ",IF(H10*I10*J10=0," ",H10*I10*J10)-L10) -> 27 | N10: =IFERROR(VLOOKUP(M10,'Evaluación de Riesgos'!$N$4:$P$6,3,TRUE),"") -> ALTO | O10: =IFERROR(VLOOKUP(M10,#REF!,3,TRUE),"") | P10: =IF(AND(I10>=2,J10<2),"CONTROL CORRECTIVO",IF(AND(I10=2,J10=2),"CONTROL PREVENTIVO",IF(AND(I10>=2,J10=2),"CONTROL CORRECTIVO",IF(AND(I10<=2,J10>2),"CONTROL PREVENTIVO",IF(AND(I10<2,J10>=2),"CONTROL PREVENTIVO",IF(AND(I10=3,J10=3),"CONTROL PREVENTIVO",IF(AND(I10=1,J10=1),"NO APLICA CONTROL"," "))))))) -> CONTROL PREVENTIVO | Q10: Autorizar cada solicitud y recurso; aplicar mínimo privilegio, validación de esquemas, límites de tasa y pruebas SAST/DAST y de autorización. | R10: 1 | S10: 1 | T10: =IF(H10*R10*S10=0," ",H10*R10*S10) -> 3 | U10: =IFERROR(VLOOKUP(T10,'Evaluación de Riesgos'!$N$4:$P$6,3,TRUE),"") -> BAJO | V10: =IF(T10=" "," ",IF(T10<=3,"ACEPTABLE","INACEPTABLE")) -> ACEPTABLE | W10: Desarrollo aplicará autorización por recurso y límites; Seguridad integrará análisis estático/dinámico al pipeline. Evidencia: resultados, correcciones y aprobación de liberación. Frecuencia: cada cambio y cada versión. | X10: 46315 | Y10: 46346 | Z10: Líder de Desarrollo y responsable de Seguridad | AA10: CMMI=0 hasta acreditar controles existentes. Riesgo residual objetivo sujeto a implementar y probar las salvaguardas. Fechas sugeridas; falta asignar nombre al responsable.
A11: Diseño, desarrollo y operación de salas de chat seguras | B11: Persistencia y recuperación de información | C11: A7 | D11: =IF('Valoración de Activos'!F14="","",'Valoración de Activos'!F14) -> Base de datos del sistema de chat | E11: Lectura, modificación, eliminación o cifrado no autorizado de datos almacenados en la base del sistema. | F11: Consultas no parametrizadas, privilegios excesivos, cifrado insuficiente o respaldos sin protección permiten comprometer datos persistentes. | G11: Exposición de cuentas, mensajes o configuración; pérdida de datos e imposibilidad de restaurar el servicio. | H11: =IF('Valoración de Activos'!F14="","",'Valoración de Activos'!O14) -> 3 | I11: 2 | J11: 3 | K11: Sin controles implementados en la etapa de diseño. | L11: 0 | M11: =IF(COUNTA(A11:C11)=0," ",IF(H11*I11*J11=0," ",H11*I11*J11)-L11) -> 18 | N11: =IFERROR(VLOOKUP(M11,'Evaluación de Riesgos'!$N$4:$P$6,3,TRUE),"") -> ALTO | O11: =IFERROR(VLOOKUP(M11,#REF!,3,TRUE),"") | P11: =IF(AND(I11>=2,J11<2),"CONTROL CORRECTIVO",IF(AND(I11=2,J11=2),"CONTROL PREVENTIVO",IF(AND(I11>=2,J11=2),"CONTROL CORRECTIVO",IF(AND(I11<=2,J11>2),"CONTROL PREVENTIVO",IF(AND(I11<2,J11>=2),"CONTROL PREVENTIVO",IF(AND(I11=3,J11=3),"CONTROL PREVENTIVO",IF(AND(I11=1,J11=1),"NO APLICA CONTROL"," "))))))) -> CONTROL PREVENTIVO | Q11: Usar consultas parametrizadas, roles mínimos, cifrado en reposo, respaldos protegidos e inmutables y pruebas periódicas de restauración. | R11: 1 | S11: 1 | T11: =IF(H11*R11*S11=0," ",H11*R11*S11) -> 3 | U11: =IFERROR(VLOOKUP(T11,'Evaluación de Riesgos'!$N$4:$P$6,3,TRUE),"") -> BAJO | V11: =IF(T11=" "," ",IF(T11<=3,"ACEPTABLE","INACEPTABLE")) -> ACEPTABLE | W11: DBA/Desarrollo aplicarán roles mínimos, consultas parametrizadas y respaldos; Operaciones probará restauración. Evidencia: revisión de permisos, pruebas de consultas y acta de restauración. Frecuencia: cada versión y prueba trimestral. | X11: 46315 | Y11: 46346 | Z11: Administrador de base de datos y Operaciones | AA11: CMMI=0 hasta acreditar controles existentes. Riesgo residual objetivo sujeto a implementar y probar las salvaguardas. Fechas sugeridas; falta asignar nombre al responsable.
A12: Diseño, desarrollo y operación de salas de chat seguras | B12: Carga y transferencia de multimedia | C12: A8 | D12: =IF('Valoración de Activos'!F15="","",'Valoración de Activos'!F15) -> Archivos multimedia compartidos | E12: Carga de archivos maliciosos, manipulados o con contenido oculto que comprometen la aplicación o a los usuarios. | F12: Validar solo la extensión o el MIME declarado, permitir archivos grandes o publicarlos antes de analizarlos expone a contenido malicioso. | G12: Infección de clientes o servidores, exposición de archivos, distribución de contenido manipulado y afectación de disponibilidad. | H12: =IF('Valoración de Activos'!F15="","",'Valoración de Activos'!O15) -> 2.6666667 | I12: 3 | J12: 3 | K12: Sin controles implementados en la etapa de diseño. | L12: 0 | M12: =IF(COUNTA(A12:C12)=0," ",IF(H12*I12*J12=0," ",H12*I12*J12)-L12) -> 24 | N12: =IFERROR(VLOOKUP(M12,'Evaluación de Riesgos'!$N$4:$P$6,3,TRUE),"") -> ALTO | O12: =IFERROR(VLOOKUP(M12,#REF!,3,TRUE),"") | P12: =IF(AND(I12>=2,J12<2),"CONTROL CORRECTIVO",IF(AND(I12=2,J12=2),"CONTROL PREVENTIVO",IF(AND(I12>=2,J12=2),"CONTROL CORRECTIVO",IF(AND(I12<=2,J12>2),"CONTROL PREVENTIVO",IF(AND(I12<2,J12>=2),"CONTROL PREVENTIVO",IF(AND(I12=3,J12=3),"CONTROL PREVENTIVO",IF(AND(I12=1,J12=1),"NO APLICA CONTROL"," "))))))) -> CONTROL PREVENTIVO | Q12: Permitir formatos definidos; validar firma real y tamaño; renombrar y almacenar fuera del sitio público; analizar y poner en cuarentena antes de liberar. | R12: 1 | S12: 1 | T12: =IF(H12*R12*S12=0," ",H12*R12*S12) -> 2.6666667 | U12: =IFERROR(VLOOKUP(T12,'Evaluación de Riesgos'!$N$4:$P$6,3,TRUE),"") -> BAJO | V12: =IF(T12=" "," ",IF(T12<=3,"ACEPTABLE","INACEPTABLE")) -> ACEPTABLE | W12: Desarrollo limitará formatos/tamaño y aislará almacenamiento; QA probará archivos malformados y descargas. Evidencia: lista permitida, resultado de análisis y prueba de cuarentena. Frecuencia: cada archivo y cada versión. | X12: 46315 | Y12: 46346 | Z12: Desarrollador backend y responsable de Pruebas | AA12: CMMI=0 hasta acreditar controles existentes. Riesgo residual objetivo sujeto a implementar y probar las salvaguardas. Fechas sugeridas; falta asignar nombre al responsable.
A13: Diseño, desarrollo y operación de salas de chat seguras | B13: Validación de archivos y detección de esteganografía | C13: A9 | D13: =IF('Valoración de Activos'!F16="","",'Valoración de Activos'!F16) -> Módulo de análisis y detección de esteganografía | E13: Evasión del análisis de esteganografía o explotación del procesador de archivos para evitar la política de bloqueo. | F13: El motor de análisis puede tener falsos negativos, firmas desactualizadas o procesar archivos sin aislamiento ni límites de recursos. | G13: Compartición de contenido esteganográfico o malicioso, ejecución de fallos en el analizador y omisión de alertas o cuarentena. | H13: =IF('Valoración de Activos'!F16="","",'Valoración de Activos'!O16) -> 2.6666667 | I13: 2 | J13: 3 | K13: Sin controles implementados en la etapa de diseño. | L13: 0 | M13: =IF(COUNTA(A13:C13)=0," ",IF(H13*I13*J13=0," ",H13*I13*J13)-L13) -> 16 | N13: =IFERROR(VLOOKUP(M13,'Evaluación de Riesgos'!$N$4:$P$6,3,TRUE),"") -> ALTO | O13: =IFERROR(VLOOKUP(M13,#REF!,3,TRUE),"") | P13: =IF(AND(I13>=2,J13<2),"CONTROL CORRECTIVO",IF(AND(I13=2,J13=2),"CONTROL PREVENTIVO",IF(AND(I13>=2,J13=2),"CONTROL CORRECTIVO",IF(AND(I13<=2,J13>2),"CONTROL PREVENTIVO",IF(AND(I13<2,J13>=2),"CONTROL PREVENTIVO",IF(AND(I13=3,J13=3),"CONTROL PREVENTIVO",IF(AND(I13=1,J13=1),"NO APLICA CONTROL"," "))))))) -> CONTROL PREVENTIVO | Q13: Ejecutar el análisis en sandbox con límites; actualizar firmas y reglas; aplicar bloqueo/cuarentena ante detección o error y registrar la decisión. | R13: 1 | S13: 1 | T13: =IF(H13*R13*S13=0," ",H13*R13*S13) -> 2.6666667 | U13: =IFERROR(VLOOKUP(T13,'Evaluación de Riesgos'!$N$4:$P$6,3,TRUE),"") -> BAJO | V13: =IF(T13=" "," ",IF(T13<=3,"ACEPTABLE","INACEPTABLE")) -> ACEPTABLE | W13: Seguridad mantendrá reglas de detección y política de rechazo/cuarentena; Desarrollo aislará el procesador; QA probará muestras benignas y sospechosas. Evidencia: alertas, decisión y registro. Frecuencia: cada carga y revisión mensual de reglas. | X13: 46315 | Y13: 46346 | Z13: Responsable de Seguridad y desarrollador del analizador | AA13: CMMI=0 hasta acreditar controles existentes. Riesgo residual objetivo sujeto a implementar y probar las salvaguardas. Fechas sugeridas; falta asignar nombre al responsable.
A14: Diseño, desarrollo y operación de salas de chat seguras | B14: Auditoría y respuesta de seguridad | C14: A10 | D14: =IF('Valoración de Activos'!F17="","",'Valoración de Activos'!F17) -> Registros de auditoría y alertas de seguridad | E14: Alteración o borrado de eventos para ocultar accesos, cambios, sesiones abusivas o archivos bloqueados. | F14: Registros modificables, secretos incluidos en mensajes de log y alertas sin monitoreo reducen la confiabilidad de la evidencia. | G14: Investigación incompleta, demora en detectar incidentes y falta de evidencia fiable para reconstruir lo ocurrido. | H14: =IF('Valoración de Activos'!F17="","",'Valoración de Activos'!O17) -> 2.3333333 | I14: 2 | J14: 3 | K14: Sin controles implementados en la etapa de diseño. | L14: 0 | M14: =IF(COUNTA(A14:C14)=0," ",IF(H14*I14*J14=0," ",H14*I14*J14)-L14) -> 14 | N14: =IFERROR(VLOOKUP(M14,'Evaluación de Riesgos'!$N$4:$P$6,3,TRUE),"") -> ALTO | O14: =IFERROR(VLOOKUP(M14,#REF!,3,TRUE),"") | P14: =IF(AND(I14>=2,J14<2),"CONTROL CORRECTIVO",IF(AND(I14=2,J14=2),"CONTROL PREVENTIVO",IF(AND(I14>=2,J14=2),"CONTROL CORRECTIVO",IF(AND(I14<=2,J14>2),"CONTROL PREVENTIVO",IF(AND(I14<2,J14>=2),"CONTROL PREVENTIVO",IF(AND(I14=3,J14=3),"CONTROL PREVENTIVO",IF(AND(I14=1,J14=1),"NO APLICA CONTROL"," "))))))) -> CONTROL PREVENTIVO | Q14: Centralizar registros con protección contra alteración; excluir secretos; restringir acceso; alertar por eventos anómalos y definir retención. | R14: 1 | S14: 1 | T14: =IF(H14*R14*S14=0," ",H14*R14*S14) -> 2.3333333 | U14: =IFERROR(VLOOKUP(T14,'Evaluación de Riesgos'!$N$4:$P$6,3,TRUE),"") -> BAJO | V14: =IF(T14=" "," ",IF(T14<=3,"ACEPTABLE","INACEPTABLE")) -> ACEPTABLE | W14: Operaciones centralizará logs y configurará alertas; Seguridad revisará eventos y accesos al repositorio. Evidencia: configuración, alertas de prueba y registro de revisión. Frecuencia: monitoreo continuo y revisión semanal. | X14: 46315 | Y14: 46346 | Z14: Operaciones y responsable de Seguridad Informática | AA14: CMMI=0 hasta acreditar controles existentes. Riesgo residual objetivo sujeto a implementar y probar las salvaguardas. Fechas sugeridas; falta asignar nombre al responsable.
A15: Diseño, desarrollo y operación de salas de chat seguras | B15: Infraestructura y conectividad | C15: A11 | D15: =IF('Valoración de Activos'!F18="","",'Valoración de Activos'!F18) -> Infraestructura y red de alojamiento | E15: Denegación de servicio, intrusión o interrupción de red y servidores que impide conectarse a las salas. | F15: Segmentación, endurecimiento, protección frente a tráfico abusivo, monitoreo o redundancia insuficientes aumentan el impacto de una falla. | G15: Interrupción general del chat, conexiones cortadas y pérdida temporal de acceso a mensajes o archivos. | H15: =IF('Valoración de Activos'!F18="","",'Valoración de Activos'!O18) -> 2.6666667 | I15: 3 | J15: 3 | K15: Sin controles implementados en la etapa de diseño. | L15: 0 | M15: =IF(COUNTA(A15:C15)=0," ",IF(H15*I15*J15=0," ",H15*I15*J15)-L15) -> 24 | N15: =IFERROR(VLOOKUP(M15,'Evaluación de Riesgos'!$N$4:$P$6,3,TRUE),"") -> ALTO | O15: =IFERROR(VLOOKUP(M15,#REF!,3,TRUE),"") | P15: =IF(AND(I15>=2,J15<2),"CONTROL CORRECTIVO",IF(AND(I15=2,J15=2),"CONTROL PREVENTIVO",IF(AND(I15>=2,J15=2),"CONTROL CORRECTIVO",IF(AND(I15<=2,J15>2),"CONTROL PREVENTIVO",IF(AND(I15<2,J15>=2),"CONTROL PREVENTIVO",IF(AND(I15=3,J15=3),"CONTROL PREVENTIVO",IF(AND(I15=1,J15=1),"NO APLICA CONTROL"," "))))))) -> CONTROL PREVENTIVO | Q15: Segmentar servicios, endurecer y parchear servidores, filtrar tráfico, proteger contra denegación de servicio y monitorear disponibilidad y recuperación. | R15: 1 | S15: 1 | T15: =IF(H15*R15*S15=0," ",H15*R15*S15) -> 2.6666667 | U15: =IFERROR(VLOOKUP(T15,'Evaluación de Riesgos'!$N$4:$P$6,3,TRUE),"") -> BAJO | V15: =IF(T15=" "," ",IF(T15<=3,"ACEPTABLE","INACEPTABLE")) -> ACEPTABLE | W15: Infraestructura aplicará segmentación, parches, filtros y monitoreo; Operaciones probará recuperación. Evidencia: línea base, inventario, métricas y ejercicio de continuidad. Frecuencia: revisión mensual y prueba trimestral. | X15: 46315 | Y15: 46346 | Z15: Administrador de infraestructura y Operaciones | AA15: CMMI=0 hasta acreditar controles existentes. Riesgo residual objetivo sujeto a implementar y probar las salvaguardas. Fechas sugeridas; falta asignar nombre al responsable.
A16: Diseño, desarrollo y operación de salas de chat seguras | B16: Desarrollo seguro e integración continua | C16: A12 | D16: =IF('Valoración de Activos'!F19="","",'Valoración de Activos'!F19) -> Código fuente, CI/CD y artefactos de compilación | E16: Introducción de código vulnerable, dependencia comprometida o artefacto malicioso durante el desarrollo o la compilación. | F16: Permisos amplios del pipeline, dependencias sin revisión, secretos expuestos o ausencia de análisis automatizado permiten introducir cambios inseguros. | G16: Vulnerabilidades en producción, filtración de secretos, compromiso de versiones y pérdida de integridad del producto. | H16: =IF('Valoración de Activos'!F19="","",'Valoración de Activos'!O19) -> 2.3333333 | I16: 2 | J16: 3 | K16: Sin controles implementados en la etapa de diseño. | L16: 0 | M16: =IF(COUNTA(A16:C16)=0," ",IF(H16*I16*J16=0," ",H16*I16*J16)-L16) -> 14 | N16: =IFERROR(VLOOKUP(M16,'Evaluación de Riesgos'!$N$4:$P$6,3,TRUE),"") -> ALTO | O16: =IFERROR(VLOOKUP(M16,#REF!,3,TRUE),"") | P16: =IF(AND(I16>=2,J16<2),"CONTROL CORRECTIVO",IF(AND(I16=2,J16=2),"CONTROL PREVENTIVO",IF(AND(I16>=2,J16=2),"CONTROL CORRECTIVO",IF(AND(I16<=2,J16>2),"CONTROL PREVENTIVO",IF(AND(I16<2,J16>=2),"CONTROL PREVENTIVO",IF(AND(I16=3,J16=3),"CONTROL PREVENTIVO",IF(AND(I16=1,J16=1),"NO APLICA CONTROL"," "))))))) -> CONTROL PREVENTIVO | Q16: Proteger ramas y pipeline; revisar cambios; ejecutar SAST, SCA, escaneo de secretos y pruebas; generar SBOM y firmar artefactos de liberación. | R16: 1 | S16: 1 | T16: =IF(H16*R16*S16=0," ",H16*R16*S16) -> 2.3333333 | U16: =IFERROR(VLOOKUP(T16,'Evaluación de Riesgos'!$N$4:$P$6,3,TRUE),"") -> BAJO | V16: =IF(T16=" "," ",IF(T16<=3,"ACEPTABLE","INACEPTABLE")) -> ACEPTABLE | W16: Líder de Desarrollo protegerá repositorio/pipeline; el equipo integrará análisis y revisión obligatoria. Evidencia: configuración CI, SBOM, firmas y reportes de escaneo. Frecuencia: cada commit y liberación. | X16: 46315 | Y16: 46346 | Z16: Líder de Desarrollo y responsable de Seguridad Informática | AA16: CMMI=0 hasta acreditar controles existentes. Riesgo residual objetivo sujeto a implementar y probar las salvaguardas. Fechas sugeridas; falta asignar nombre al responsable.
A17: Diseño, desarrollo y operación de salas de chat seguras | B17: Gestión de miembros y permisos de salas | C17: A13 | D17: =IF('Valoración de Activos'!F20="","",'Valoración de Activos'!F20) -> Registro de participantes y permisos por sala | E17: Manipulación de solicitudes de ingreso para participar en una sala sin autorización o con permisos superiores a los concedidos. | F17: Las reglas de autorización pueden ejecutarse solo en el cliente, no validar la pertenencia a la sala en cada solicitud o no comprobar el permiso específico de la acción. | G17: Ingreso de personas no autorizadas, exposición de mensajes y cambios indebidos en la sala. | H17: =IF('Valoración de Activos'!F20="","",'Valoración de Activos'!O20) -> 2.6666667 | I17: 3 | J17: 3 | K17: Sin controles implementados en la etapa de diseño. | L17: 0 | M17: =IF(COUNTA(A17:C17)=0," ",IF(H17*I17*J17=0," ",H17*I17*J17)-L17) -> 24 | N17: =IFERROR(VLOOKUP(M17,'Evaluación de Riesgos'!$N$4:$P$6,3,TRUE),"") -> ALTO | O17: =IFERROR(VLOOKUP(M17,#REF!,3,TRUE),"") | P17: =IF(AND(I17>=2,J17<2),"CONTROL CORRECTIVO",IF(AND(I17=2,J17=2),"CONTROL PREVENTIVO",IF(AND(I17>=2,J17=2),"CONTROL CORRECTIVO",IF(AND(I17<=2,J17>2),"CONTROL PREVENTIVO",IF(AND(I17<2,J17>=2),"CONTROL PREVENTIVO",IF(AND(I17=3,J17=3),"CONTROL PREVENTIVO",IF(AND(I17=1,J17=1),"NO APLICA CONTROL"," "))))))) -> CONTROL PREVENTIVO | Q17: Implementar autorización del lado del servidor en cada acción; validar usuario, sala, estado y permiso; denegar por defecto; probar accesos directos y escalamiento de privilegios. | R17: 1 | S17: 1 | T17: =IF(H17*R17*S17=0," ",H17*R17*S17) -> 2.6666667 | U17: =IFERROR(VLOOKUP(T17,'Evaluación de Riesgos'!$N$4:$P$6,3,TRUE),"") -> BAJO | V17: =IF(T17=" "," ",IF(T17<=3,"ACEPTABLE","INACEPTABLE")) -> ACEPTABLE | W17: Líder de Desarrollo y Seguridad implementarán los controles propuestos para registro de participantes y permisos por sala. Evidencia: configuración, pruebas negativas y revisión de cambios. Frecuencia: cada versión y antes de liberar. | X17: 46315 | Y17: 46346 | Z17: Responsable de Seguridad Informática y líder de Desarrollo | AA17: CMMI se mantiene en 0 porque el proyecto está en etapa de diseño/desarrollo y el documento no evidencia controles ya implementados. El riesgo residual es un objetivo condicionado a implementar y probar los controles. Responsable por rol propuesto; asignar persona.
A18: Diseño, desarrollo y operación de salas de chat seguras | B18: Cliente y acceso desde dispositivos | C18: A14 | D18: =IF('Valoración de Activos'!F21="","",'Valoración de Activos'!F21) -> Aplicación cliente y dispositivo del usuario | E18: Compromiso, manipulación o uso de un cliente alterado para robar credenciales, suplantar al usuario o evadir controles de acceso. | F18: El cliente puede almacenar secretos en texto claro, confiar en validaciones locales o carecer de protección de sesión y transporte. | G18: Suplantación de usuarios, extracción de información y solicitudes no confiables al backend. | H18: =IF('Valoración de Activos'!F21="","",'Valoración de Activos'!O21) -> 2.6666667 | I18: 3 | J18: 3 | K18: Sin controles implementados en la etapa de diseño. | L18: 0 | M18: =IF(COUNTA(A18:C18)=0," ",IF(H18*I18*J18=0," ",H18*I18*J18)-L18) -> 24 | N18: =IFERROR(VLOOKUP(M18,'Evaluación de Riesgos'!$N$4:$P$6,3,TRUE),"") -> ALTO | O18: =IFERROR(VLOOKUP(M18,#REF!,3,TRUE),"") | P18: =IF(AND(I18>=2,J18<2),"CONTROL CORRECTIVO",IF(AND(I18=2,J18=2),"CONTROL PREVENTIVO",IF(AND(I18>=2,J18=2),"CONTROL CORRECTIVO",IF(AND(I18<=2,J18>2),"CONTROL PREVENTIVO",IF(AND(I18<2,J18>=2),"CONTROL PREVENTIVO",IF(AND(I18=3,J18=3),"CONTROL PREVENTIVO",IF(AND(I18=1,J18=1),"NO APLICA CONTROL"," "))))))) -> CONTROL PREVENTIVO | Q18: No confiar en controles del cliente; proteger almacenamiento local; validar solicitudes en el servidor; usar comunicaciones cifradas; revisar dependencias y ejecutar pruebas del cliente. | R18: 1 | S18: 1 | T18: =IF(H18*R18*S18=0," ",H18*R18*S18) -> 2.6666667 | U18: =IFERROR(VLOOKUP(T18,'Evaluación de Riesgos'!$N$4:$P$6,3,TRUE),"") -> BAJO | V18: =IF(T18=" "," ",IF(T18<=3,"ACEPTABLE","INACEPTABLE")) -> ACEPTABLE | W18: Líder de Desarrollo y Seguridad implementarán los controles propuestos para aplicación cliente y dispositivo del usuario. Evidencia: configuración, pruebas negativas y revisión de cambios. Frecuencia: cada versión y antes de liberar. | X18: 46315 | Y18: 46346 | Z18: Líder de Desarrollo y responsable de Pruebas | AA18: CMMI se mantiene en 0 porque el proyecto está en etapa de diseño/desarrollo y el documento no evidencia controles ya implementados. El riesgo residual es un objetivo condicionado a implementar y probar los controles. Responsable por rol propuesto; asignar persona.
A19: Diseño, desarrollo y operación de salas de chat seguras | B19: Conexión y terminación de sesiones | C19: A15 | D19: =IF('Valoración de Activos'!F22="","",'Valoración de Activos'!F22) -> Servicio de gestión de conexiones y cierre de sesión | E19: Reutilización de una sesión abandonada o apertura de conexiones paralelas tras el cierre aparente de sesión. | F19: Tokens pueden seguir vigentes después del cierre; la revocación puede no propagarse a todas las conexiones o dispositivos. | G19: Acceso persistente no autorizado y exposición de mensajes después de cerrar sesión. | H19: =IF('Valoración de Activos'!F22="","",'Valoración de Activos'!O22) -> 2.6666667 | I19: 3 | J19: 3 | K19: Sin controles implementados en la etapa de diseño. | L19: 0 | M19: =IF(COUNTA(A19:C19)=0," ",IF(H19*I19*J19=0," ",H19*I19*J19)-L19) -> 24 | N19: =IFERROR(VLOOKUP(M19,'Evaluación de Riesgos'!$N$4:$P$6,3,TRUE),"") -> ALTO | O19: =IFERROR(VLOOKUP(M19,#REF!,3,TRUE),"") | P19: =IF(AND(I19>=2,J19<2),"CONTROL CORRECTIVO",IF(AND(I19=2,J19=2),"CONTROL PREVENTIVO",IF(AND(I19>=2,J19=2),"CONTROL CORRECTIVO",IF(AND(I19<=2,J19>2),"CONTROL PREVENTIVO",IF(AND(I19<2,J19>=2),"CONTROL PREVENTIVO",IF(AND(I19=3,J19=3),"CONTROL PREVENTIVO",IF(AND(I19=1,J19=1),"NO APLICA CONTROL"," "))))))) -> CONTROL PREVENTIVO | Q19: Revocar tokens al cerrar sesión; invalidar conexiones activas; aplicar expiración y rotación; probar revocación, reconexión y concurrencia entre dispositivos. | R19: 1 | S19: 1 | T19: =IF(H19*R19*S19=0," ",H19*R19*S19) -> 2.6666667 | U19: =IFERROR(VLOOKUP(T19,'Evaluación de Riesgos'!$N$4:$P$6,3,TRUE),"") -> BAJO | V19: =IF(T19=" "," ",IF(T19<=3,"ACEPTABLE","INACEPTABLE")) -> ACEPTABLE | W19: Líder de Desarrollo y Seguridad implementarán los controles propuestos para servicio de gestión de conexiones y cierre de sesión. Evidencia: configuración, pruebas negativas y revisión de cambios. Frecuencia: cada versión y antes de liberar. | X19: 46315 | Y19: 46346 | Z19: Responsable de Seguridad Informática y líder de Desarrollo | AA19: CMMI se mantiene en 0 porque el proyecto está en etapa de diseño/desarrollo y el documento no evidencia controles ya implementados. El riesgo residual es un objetivo condicionado a implementar y probar los controles. Responsable por rol propuesto; asignar persona.
A20: Diseño, desarrollo y operación de salas de chat seguras | B20: Transporte seguro de comunicaciones | C20: A16 | D20: =IF('Valoración de Activos'!F23="","",'Valoración de Activos'!F23) -> Canales y configuración de transporte cifrado | E20: Intercepción, modificación o repetición de mensajes y archivos durante su tránsito. | F20: Configuración criptográfica débil, validación insuficiente de certificados o ausencia de protección contra repetición permite ataques de intermediario. | G20: Divulgación o alteración de comunicaciones y pérdida de autenticidad entre usuarios. | H20: =IF('Valoración de Activos'!F23="","",'Valoración de Activos'!O23) -> 2.6666667 | I20: 3 | J20: 3 | K20: Sin controles implementados en la etapa de diseño. | L20: 0 | M20: =IF(COUNTA(A20:C20)=0," ",IF(H20*I20*J20=0," ",H20*I20*J20)-L20) -> 24 | N20: =IFERROR(VLOOKUP(M20,'Evaluación de Riesgos'!$N$4:$P$6,3,TRUE),"") -> ALTO | O20: =IFERROR(VLOOKUP(M20,#REF!,3,TRUE),"") | P20: =IF(AND(I20>=2,J20<2),"CONTROL CORRECTIVO",IF(AND(I20=2,J20=2),"CONTROL PREVENTIVO",IF(AND(I20>=2,J20=2),"CONTROL CORRECTIVO",IF(AND(I20<=2,J20>2),"CONTROL PREVENTIVO",IF(AND(I20<2,J20>=2),"CONTROL PREVENTIVO",IF(AND(I20=3,J20=3),"CONTROL PREVENTIVO",IF(AND(I20=1,J20=1),"NO APLICA CONTROL"," "))))))) -> CONTROL PREVENTIVO | Q20: Usar protocolos TLS vigentes y configuración segura; validar certificados; proteger integridad y autenticidad; incorporar nonces o secuencias cuando corresponda; probar configuración y resistencia a repetición. | R20: 1 | S20: 1 | T20: =IF(H20*R20*S20=0," ",H20*R20*S20) -> 2.6666667 | U20: =IFERROR(VLOOKUP(T20,'Evaluación de Riesgos'!$N$4:$P$6,3,TRUE),"") -> BAJO | V20: =IF(T20=" "," ",IF(T20<=3,"ACEPTABLE","INACEPTABLE")) -> ACEPTABLE | W20: Líder de Desarrollo y Seguridad implementarán los controles propuestos para canales y configuración de transporte cifrado. Evidencia: configuración, pruebas negativas y revisión de cambios. Frecuencia: cada versión y antes de liberar. | X20: 46315 | Y20: 46346 | Z20: Responsable de Seguridad Informática y administrador de Operaciones | AA20: CMMI se mantiene en 0 porque el proyecto está en etapa de diseño/desarrollo y el documento no evidencia controles ya implementados. El riesgo residual es un objetivo condicionado a implementar y probar los controles. Responsable por rol propuesto; asignar persona.
... A24: Diseño, desarrollo y operación de salas de chat seguras | B24: Diseño y verificación de seguridad | C24: A20 | D24: =IF('Valoración de Activos'!F27="","",'Valoración de Activos'!F27) -> Requisitos, modelos de amenazas y evidencias de pruebas | E24: Omisión, alteración o pérdida de requisitos y resultados que sustentan decisiones y verificaciones de seguridad. | F24: Trazabilidad incompleta entre riesgos, requisitos, controles y pruebas; documentación sin control de versiones o evidencias no reproducibles. | G24: Controles críticos no implementados o no verificados y dificultad para demostrar la seguridad del producto. | H24: =IF('Valoración de Activos'!F27="","",'Valoración de Activos'!O27) -> 2.3333333 | I24: 3 | J24: 3 | K24: Sin controles implementados en la etapa de diseño. | L24: 0 | M24: =IF(COUNTA(A24:C24)=0," ",IF(H24*I24*J24=0," ",H24*I24*J24)-L24) -> 21 | N24: =IFERROR(VLOOKUP(M24,'Evaluación de Riesgos'!$N$4:$P$6,3,TRUE),"") -> ALTO | O24: =IFERROR(VLOOKUP(M24,#REF!,3,TRUE),"") | P24: =IF(AND(I24>=2,J24<2),"CONTROL CORRECTIVO",IF(AND(I24=2,J24=2),"CONTROL PREVENTIVO",IF(AND(I24>=2,J24=2),"CONTROL CORRECTIVO",IF(AND(I24<=2,J24>2),"CONTROL PREVENTIVO",IF(AND(I24<2,J24>=2),"CONTROL PREVENTIVO",IF(AND(I24=3,J24=3),"CONTROL PREVENTIVO",IF(AND(I24=1,J24=1),"NO APLICA CONTROL"," "))))))) -> CONTROL PREVENTIVO | Q24: Mantener trazabilidad versionada de riesgo-requisito-control-prueba; revisar cambios; conservar resultados reproducibles y aprobar formalmente excepciones antes de liberar. | R24: 1 | S24: 1 | T24: =IF(H24*R24*S24=0," ",H24*R24*S24) -> 2.3333333 | U24: =IFERROR(VLOOKUP(T24,'Evaluación de Riesgos'!$N$4:$P$6,3,TRUE),"") -> BAJO | V24: =IF(T24=" "," ",IF(T24<=3,"ACEPTABLE","INACEPTABLE")) -> ACEPTABLE | W24: Líder de Desarrollo y Seguridad implementarán los controles propuestos para requisitos, modelos de amenazas y evidencias de pruebas. Evidencia: configuración, pruebas negativas y revisión de cambios. Frecuencia: cada versión y antes de liberar. | X24: 46315 | Y24: 46346 | Z24: Líder de Desarrollo y responsable de Seguridad Informática | AA24: CMMI se mantiene en 0 porque el proyecto está en etapa de diseño/desarrollo y el documento no evidencia controles ya implementados. El riesgo residual es un objetivo condicionado a implementar y probar los controles. Responsable por rol propuesto; asignar persona.
